System_time,Server,Request_method,HTTP_user_agent,QUERY_STRING,REMOTE_ADDR
2019-05-12 11:09:17,FANCY-DP,GET/__swagger__/,Mozilla/5.0 (Windows NT 10.0; Win64; x64) AppleWebKit/537.36 (KHTML like Gecko) QtWebEngine/5.12.1 Chrome/69.0.3497.128 Safari/537.36,?viewer_pane=1&capabilities=1&host=http%3A%2F%2F127.0.0.1%3A43520,127.0.0.1 
2019-05-12 11:09:18,FANCY-DP,GET/__swagger__/swagger-ui.css,Mozilla/5.0 (Windows NT 10.0; Win64; x64) AppleWebKit/537.36 (KHTML like Gecko) QtWebEngine/5.12.1 Chrome/69.0.3497.128 Safari/537.36,,127.0.0.1 
2019-05-12 11:09:18,FANCY-DP,GET/__swagger__/swagger-ui-bundle.js,Mozilla/5.0 (Windows NT 10.0; Win64; x64) AppleWebKit/537.36 (KHTML like Gecko) QtWebEngine/5.12.1 Chrome/69.0.3497.128 Safari/537.36,,127.0.0.1 
2019-05-12 11:09:18,FANCY-DP,GET/__swagger__/swagger-ui-standalone-preset.js,Mozilla/5.0 (Windows NT 10.0; Win64; x64) AppleWebKit/537.36 (KHTML like Gecko) QtWebEngine/5.12.1 Chrome/69.0.3497.128 Safari/537.36,,127.0.0.1 
2019-05-12 11:09:19,FANCY-DP,GET/openapi.json,Mozilla/5.0 (Windows NT 10.0; Win64; x64) AppleWebKit/537.36 (KHTML like Gecko) QtWebEngine/5.12.1 Chrome/69.0.3497.128 Safari/537.36,,127.0.0.1 
2019-05-12 11:09:19,FANCY-DP,GET/__swagger__/,Mozilla/5.0 (Windows NT 10.0; Win64; x64) AppleWebKit/537.36 (KHTML like Gecko) QtWebEngine/5.12.1 Chrome/69.0.3497.128 Safari/537.36,,127.0.0.1 
2019-05-12 11:09:19,FANCY-DP,GET/__swagger__/swagger-ui.css,Mozilla/5.0 (Windows NT 10.0; Win64; x64) AppleWebKit/537.36 (KHTML like Gecko) QtWebEngine/5.12.1 Chrome/69.0.3497.128 Safari/537.36,,127.0.0.1 
2019-05-12 11:09:20,FANCY-DP,GET/__swagger__/swagger-ui-bundle.js,Mozilla/5.0 (Windows NT 10.0; Win64; x64) AppleWebKit/537.36 (KHTML like Gecko) QtWebEngine/5.12.1 Chrome/69.0.3497.128 Safari/537.36,,127.0.0.1 
2019-05-12 11:09:20,FANCY-DP,GET/__swagger__/swagger-ui-standalone-preset.js,Mozilla/5.0 (Windows NT 10.0; Win64; x64) AppleWebKit/537.36 (KHTML like Gecko) QtWebEngine/5.12.1 Chrome/69.0.3497.128 Safari/537.36,,127.0.0.1 
2019-05-12 11:09:22,FANCY-DP,GET/openapi.json,Mozilla/5.0 (Windows NT 10.0; Win64; x64) AppleWebKit/537.36 (KHTML like Gecko) QtWebEngine/5.12.1 Chrome/69.0.3497.128 Safari/537.36,,127.0.0.1 
2019-05-12 11:09:43,FANCY-DP,GET/SoilDataAPI/Properties,Mozilla/5.0 (Windows NT 10.0; Win64; x64) AppleWebKit/537.36 (KHTML like Gecko) QtWebEngine/5.12.1 Chrome/69.0.3497.128 Safari/537.36,,127.0.0.1 
2019-05-12 11:10:23,FANCY-DP,GET/__swagger__/,Mozilla/5.0 (Windows NT 10.0; Win64; x64) AppleWebKit/537.36 (KHTML like Gecko) QtWebEngine/5.12.1 Chrome/69.0.3497.128 Safari/537.36,,127.0.0.1 
2019-05-12 11:10:23,FANCY-DP,GET/__swagger__/swagger-ui.css,Mozilla/5.0 (Windows NT 10.0; Win64; x64) AppleWebKit/537.36 (KHTML like Gecko) QtWebEngine/5.12.1 Chrome/69.0.3497.128 Safari/537.36,,127.0.0.1 
2019-05-12 11:10:23,FANCY-DP,GET/__swagger__/swagger-ui-bundle.js,Mozilla/5.0 (Windows NT 10.0; Win64; x64) AppleWebKit/537.36 (KHTML like Gecko) QtWebEngine/5.12.1 Chrome/69.0.3497.128 Safari/537.36,,127.0.0.1 
2019-05-12 11:10:23,FANCY-DP,GET/__swagger__/swagger-ui-standalone-preset.js,Mozilla/5.0 (Windows NT 10.0; Win64; x64) AppleWebKit/537.36 (KHTML like Gecko) QtWebEngine/5.12.1 Chrome/69.0.3497.128 Safari/537.36,,127.0.0.1 
2019-05-12 11:10:24,FANCY-DP,GET/openapi.json,Mozilla/5.0 (Windows NT 10.0; Win64; x64) AppleWebKit/537.36 (KHTML like Gecko) QtWebEngine/5.12.1 Chrome/69.0.3497.128 Safari/537.36,,127.0.0.1 
2019-05-12 11:10:32,FANCY-DP,GET/SoilDataAPI/Properties,Mozilla/5.0 (Windows NT 10.0; Win64; x64) AppleWebKit/537.36 (KHTML like Gecko) QtWebEngine/5.12.1 Chrome/69.0.3497.128 Safari/537.36,,127.0.0.1 
2019-05-12 11:12:10,FANCY-DP,GET/__swagger__/,Mozilla/5.0 (Windows NT 10.0; Win64; x64) AppleWebKit/537.36 (KHTML like Gecko) QtWebEngine/5.12.1 Chrome/69.0.3497.128 Safari/537.36,,127.0.0.1 
2019-05-12 11:12:10,FANCY-DP,GET/__swagger__/swagger-ui.css,Mozilla/5.0 (Windows NT 10.0; Win64; x64) AppleWebKit/537.36 (KHTML like Gecko) QtWebEngine/5.12.1 Chrome/69.0.3497.128 Safari/537.36,,127.0.0.1 
2019-05-12 11:12:10,FANCY-DP,GET/__swagger__/swagger-ui-bundle.js,Mozilla/5.0 (Windows NT 10.0; Win64; x64) AppleWebKit/537.36 (KHTML like Gecko) QtWebEngine/5.12.1 Chrome/69.0.3497.128 Safari/537.36,,127.0.0.1 
2019-05-12 11:12:10,FANCY-DP,GET/__swagger__/swagger-ui-standalone-preset.js,Mozilla/5.0 (Windows NT 10.0; Win64; x64) AppleWebKit/537.36 (KHTML like Gecko) QtWebEngine/5.12.1 Chrome/69.0.3497.128 Safari/537.36,,127.0.0.1 
2019-05-12 11:12:10,FANCY-DP,GET/openapi.json,Mozilla/5.0 (Windows NT 10.0; Win64; x64) AppleWebKit/537.36 (KHTML like Gecko) QtWebEngine/5.12.1 Chrome/69.0.3497.128 Safari/537.36,,127.0.0.1 
2019-05-12 11:12:19,FANCY-DP,GET/SoilDataAPI/Properties,Mozilla/5.0 (Windows NT 10.0; Win64; x64) AppleWebKit/537.36 (KHTML like Gecko) QtWebEngine/5.12.1 Chrome/69.0.3497.128 Safari/537.36,,127.0.0.1 
2019-05-12 11:14:34,FANCY-DP,GET/__swagger__/,Mozilla/5.0 (Windows NT 10.0; Win64; x64) AppleWebKit/537.36 (KHTML like Gecko) QtWebEngine/5.12.1 Chrome/69.0.3497.128 Safari/537.36,,127.0.0.1 
2019-05-12 11:14:34,FANCY-DP,GET/__swagger__/swagger-ui.css,Mozilla/5.0 (Windows NT 10.0; Win64; x64) AppleWebKit/537.36 (KHTML like Gecko) QtWebEngine/5.12.1 Chrome/69.0.3497.128 Safari/537.36,,127.0.0.1 
2019-05-12 11:14:34,FANCY-DP,GET/__swagger__/swagger-ui-bundle.js,Mozilla/5.0 (Windows NT 10.0; Win64; x64) AppleWebKit/537.36 (KHTML like Gecko) QtWebEngine/5.12.1 Chrome/69.0.3497.128 Safari/537.36,,127.0.0.1 
2019-05-12 11:14:34,FANCY-DP,GET/__swagger__/swagger-ui-standalone-preset.js,Mozilla/5.0 (Windows NT 10.0; Win64; x64) AppleWebKit/537.36 (KHTML like Gecko) QtWebEngine/5.12.1 Chrome/69.0.3497.128 Safari/537.36,,127.0.0.1 
2019-05-12 11:14:37,FANCY-DP,GET/openapi.json,Mozilla/5.0 (Windows NT 10.0; Win64; x64) AppleWebKit/537.36 (KHTML like Gecko) QtWebEngine/5.12.1 Chrome/69.0.3497.128 Safari/537.36,,127.0.0.1 
2019-05-12 11:15:13,FANCY-DP,GET/SoilDataAPI/Properties,Mozilla/5.0 (Windows NT 10.0; Win64; x64) AppleWebKit/537.36 (KHTML like Gecko) QtWebEngine/5.12.1 Chrome/69.0.3497.128 Safari/537.36,,127.0.0.1 
2019-05-12 11:15:35,FANCY-DP,GET/SoilDataAPI/Properties,Mozilla/5.0 (Windows NT 10.0; Win64; x64) AppleWebKit/537.36 (KHTML like Gecko) Chrome/74.0.3729.131 Safari/537.36,,127.0.0.1 
2019-05-12 11:15:35,FANCY-DP,GET/favicon.ico,Mozilla/5.0 (Windows NT 10.0; Win64; x64) AppleWebKit/537.36 (KHTML like Gecko) Chrome/74.0.3729.131 Safari/537.36,,127.0.0.1 
2019-05-12 11:15:45,FANCY-DP,GET/SoilDataAPI/Properties,Mozilla/5.0 (Windows NT 10.0; Win64; x64) AppleWebKit/537.36 (KHTML like Gecko) Chrome/74.0.3729.131 Safari/537.36,?verbose=T,127.0.0.1 
2019-05-12 11:15:56,FANCY-DP,GET/SoilDataAPI/Properties,Mozilla/5.0 (Windows NT 10.0; Win64; x64) AppleWebKit/537.36 (KHTML like Gecko) Chrome/74.0.3729.131 Safari/537.36,?verbose=F,127.0.0.1 
2019-05-12 11:16:17,FANCY-DP,GET/SoilDataAPI/Properties,Mozilla/5.0 (Windows NT 10.0; Win64; x64) AppleWebKit/537.36 (KHTML like Gecko) Chrome/74.0.3729.131 Safari/537.36,?verbose=F&format=xml,127.0.0.1 
2019-05-12 11:17:27,FANCY-DP,GET/__swagger__/,Mozilla/5.0 (Windows NT 10.0; Win64; x64) AppleWebKit/537.36 (KHTML like Gecko) QtWebEngine/5.12.1 Chrome/69.0.3497.128 Safari/537.36,,127.0.0.1 
2019-05-12 11:17:27,FANCY-DP,GET/__swagger__/swagger-ui.css,Mozilla/5.0 (Windows NT 10.0; Win64; x64) AppleWebKit/537.36 (KHTML like Gecko) QtWebEngine/5.12.1 Chrome/69.0.3497.128 Safari/537.36,,127.0.0.1 
2019-05-12 11:17:27,FANCY-DP,GET/__swagger__/swagger-ui-bundle.js,Mozilla/5.0 (Windows NT 10.0; Win64; x64) AppleWebKit/537.36 (KHTML like Gecko) QtWebEngine/5.12.1 Chrome/69.0.3497.128 Safari/537.36,,127.0.0.1 
2019-05-12 11:17:27,FANCY-DP,GET/__swagger__/swagger-ui-standalone-preset.js,Mozilla/5.0 (Windows NT 10.0; Win64; x64) AppleWebKit/537.36 (KHTML like Gecko) QtWebEngine/5.12.1 Chrome/69.0.3497.128 Safari/537.36,,127.0.0.1 
2019-05-12 11:17:27,FANCY-DP,GET/openapi.json,Mozilla/5.0 (Windows NT 10.0; Win64; x64) AppleWebKit/537.36 (KHTML like Gecko) QtWebEngine/5.12.1 Chrome/69.0.3497.128 Safari/537.36,,127.0.0.1 
2019-05-12 11:17:39,FANCY-DP,GET/SoilDataAPI/Properties,Mozilla/5.0 (Windows NT 10.0; Win64; x64) AppleWebKit/537.36 (KHTML like Gecko) Chrome/74.0.3729.131 Safari/537.36,?verbose=F&format=xml,127.0.0.1 
2019-05-12 11:17:40,FANCY-DP,GET/SoilDataAPI/Properties,Mozilla/5.0 (Windows NT 10.0; Win64; x64) AppleWebKit/537.36 (KHTML like Gecko) Chrome/74.0.3729.131 Safari/537.36,?verbose=F&format=xml,127.0.0.1 
2019-05-12 11:17:52,FANCY-DP,GET/SoilDataAPI/Properties,Mozilla/5.0 (Windows NT 10.0; Win64; x64) AppleWebKit/537.36 (KHTML like Gecko) Chrome/74.0.3729.131 Safari/537.36,?format=xml,127.0.0.1 
2019-05-12 11:17:56,FANCY-DP,GET/SoilDataAPI/Properties,Mozilla/5.0 (Windows NT 10.0; Win64; x64) AppleWebKit/537.36 (KHTML like Gecko) Chrome/74.0.3729.131 Safari/537.36,?format=xml,127.0.0.1 
2019-05-12 11:18:58,FANCY-DP,GET/__swagger__/,Mozilla/5.0 (Windows NT 10.0; Win64; x64) AppleWebKit/537.36 (KHTML like Gecko) QtWebEngine/5.12.1 Chrome/69.0.3497.128 Safari/537.36,,127.0.0.1 
2019-05-12 11:18:58,FANCY-DP,GET/__swagger__/swagger-ui.css,Mozilla/5.0 (Windows NT 10.0; Win64; x64) AppleWebKit/537.36 (KHTML like Gecko) QtWebEngine/5.12.1 Chrome/69.0.3497.128 Safari/537.36,,127.0.0.1 
2019-05-12 11:18:58,FANCY-DP,GET/__swagger__/swagger-ui-bundle.js,Mozilla/5.0 (Windows NT 10.0; Win64; x64) AppleWebKit/537.36 (KHTML like Gecko) QtWebEngine/5.12.1 Chrome/69.0.3497.128 Safari/537.36,,127.0.0.1 
2019-05-12 11:18:58,FANCY-DP,GET/__swagger__/swagger-ui-standalone-preset.js,Mozilla/5.0 (Windows NT 10.0; Win64; x64) AppleWebKit/537.36 (KHTML like Gecko) QtWebEngine/5.12.1 Chrome/69.0.3497.128 Safari/537.36,,127.0.0.1 
2019-05-12 11:18:58,FANCY-DP,GET/openapi.json,Mozilla/5.0 (Windows NT 10.0; Win64; x64) AppleWebKit/537.36 (KHTML like Gecko) QtWebEngine/5.12.1 Chrome/69.0.3497.128 Safari/537.36,,127.0.0.1 
2019-05-12 11:19:03,FANCY-DP,GET/SoilDataAPI/Properties,Mozilla/5.0 (Windows NT 10.0; Win64; x64) AppleWebKit/537.36 (KHTML like Gecko) Chrome/74.0.3729.131 Safari/537.36,?format=xml,127.0.0.1 
2019-05-12 11:19:43,FANCY-DP,GET/SoilDataAPI/Properties,Mozilla/5.0 (Windows NT 10.0; Win64; x64; rv:66.0) Gecko/20100101 Firefox/66.0,?format=xml,127.0.0.1 
2019-05-12 11:20:26,FANCY-DP,GET/favicon.ico,Mozilla/5.0 (Windows NT 10.0; Win64; x64; rv:66.0) Gecko/20100101 Firefox/66.0,,127.0.0.1 
2019-05-12 11:20:51,FANCY-DP,GET/SoilDataAPI/Properties,Mozilla/5.0 (Windows NT 10.0; Win64; x64; rv:66.0) Gecko/20100101 Firefox/66.0,?format=csv,127.0.0.1 
2019-05-12 11:29:07,FANCY-DP,GET/__swagger__/,Mozilla/5.0 (Windows NT 10.0; Win64; x64) AppleWebKit/537.36 (KHTML like Gecko) QtWebEngine/5.12.1 Chrome/69.0.3497.128 Safari/537.36,?viewer_pane=1&capabilities=1&host=http%3A%2F%2F127.0.0.1%3A43520,127.0.0.1 
2019-05-12 11:29:07,FANCY-DP,GET/__swagger__/swagger-ui.css,Mozilla/5.0 (Windows NT 10.0; Win64; x64) AppleWebKit/537.36 (KHTML like Gecko) QtWebEngine/5.12.1 Chrome/69.0.3497.128 Safari/537.36,,127.0.0.1 
2019-05-12 11:29:07,FANCY-DP,GET/__swagger__/swagger-ui-bundle.js,Mozilla/5.0 (Windows NT 10.0; Win64; x64) AppleWebKit/537.36 (KHTML like Gecko) QtWebEngine/5.12.1 Chrome/69.0.3497.128 Safari/537.36,,127.0.0.1 
2019-05-12 11:29:08,FANCY-DP,GET/__swagger__/swagger-ui-standalone-preset.js,Mozilla/5.0 (Windows NT 10.0; Win64; x64) AppleWebKit/537.36 (KHTML like Gecko) QtWebEngine/5.12.1 Chrome/69.0.3497.128 Safari/537.36,,127.0.0.1 
2019-05-12 11:29:08,FANCY-DP,GET/openapi.json,Mozilla/5.0 (Windows NT 10.0; Win64; x64) AppleWebKit/537.36 (KHTML like Gecko) QtWebEngine/5.12.1 Chrome/69.0.3497.128 Safari/537.36,,127.0.0.1 
2019-05-12 11:29:10,FANCY-DP,GET/__swagger__/,Mozilla/5.0 (Windows NT 10.0; Win64; x64) AppleWebKit/537.36 (KHTML like Gecko) QtWebEngine/5.12.1 Chrome/69.0.3497.128 Safari/537.36,,127.0.0.1 
2019-05-12 11:29:10,FANCY-DP,GET/__swagger__/swagger-ui.css,Mozilla/5.0 (Windows NT 10.0; Win64; x64) AppleWebKit/537.36 (KHTML like Gecko) QtWebEngine/5.12.1 Chrome/69.0.3497.128 Safari/537.36,,127.0.0.1 
2019-05-12 11:29:10,FANCY-DP,GET/__swagger__/swagger-ui-bundle.js,Mozilla/5.0 (Windows NT 10.0; Win64; x64) AppleWebKit/537.36 (KHTML like Gecko) QtWebEngine/5.12.1 Chrome/69.0.3497.128 Safari/537.36,,127.0.0.1 
2019-05-12 11:29:11,FANCY-DP,GET/__swagger__/swagger-ui-standalone-preset.js,Mozilla/5.0 (Windows NT 10.0; Win64; x64) AppleWebKit/537.36 (KHTML like Gecko) QtWebEngine/5.12.1 Chrome/69.0.3497.128 Safari/537.36,,127.0.0.1 
2019-05-12 11:29:11,FANCY-DP,GET/openapi.json,Mozilla/5.0 (Windows NT 10.0; Win64; x64) AppleWebKit/537.36 (KHTML like Gecko) QtWebEngine/5.12.1 Chrome/69.0.3497.128 Safari/537.36,,127.0.0.1 
2019-05-12 11:29:53,FANCY-DP,GET/SoilDataAPI/Properties,Mozilla/5.0 (Windows NT 10.0; Win64; x64) AppleWebKit/537.36 (KHTML like Gecko) Chrome/74.0.3729.131 Safari/537.36,?format=xml&PropertyGroup=AGENCIES,127.0.0.1 
2019-05-12 11:29:54,FANCY-DP,GET/favicon.ico,Mozilla/5.0 (Windows NT 10.0; Win64; x64) AppleWebKit/537.36 (KHTML like Gecko) Chrome/74.0.3729.131 Safari/537.36,,127.0.0.1 
2019-05-12 11:30:06,FANCY-DP,GET/SoilDataAPI/Properties,Mozilla/5.0 (Windows NT 10.0; Win64; x64) AppleWebKit/537.36 (KHTML like Gecko) Chrome/74.0.3729.131 Safari/537.36,?format=xml&PropertyGroup=Agencies,127.0.0.1 
2019-05-12 11:31:47,FANCY-DP,GET/__swagger__/,Mozilla/5.0 (Windows NT 10.0; Win64; x64) AppleWebKit/537.36 (KHTML like Gecko) QtWebEngine/5.12.1 Chrome/69.0.3497.128 Safari/537.36,,127.0.0.1 
2019-05-12 11:31:47,FANCY-DP,GET/__swagger__/swagger-ui.css,Mozilla/5.0 (Windows NT 10.0; Win64; x64) AppleWebKit/537.36 (KHTML like Gecko) QtWebEngine/5.12.1 Chrome/69.0.3497.128 Safari/537.36,,127.0.0.1 
2019-05-12 11:31:47,FANCY-DP,GET/__swagger__/swagger-ui-bundle.js,Mozilla/5.0 (Windows NT 10.0; Win64; x64) AppleWebKit/537.36 (KHTML like Gecko) QtWebEngine/5.12.1 Chrome/69.0.3497.128 Safari/537.36,,127.0.0.1 
2019-05-12 11:31:47,FANCY-DP,GET/__swagger__/swagger-ui-standalone-preset.js,Mozilla/5.0 (Windows NT 10.0; Win64; x64) AppleWebKit/537.36 (KHTML like Gecko) QtWebEngine/5.12.1 Chrome/69.0.3497.128 Safari/537.36,,127.0.0.1 
2019-05-12 11:31:48,FANCY-DP,GET/openapi.json,Mozilla/5.0 (Windows NT 10.0; Win64; x64) AppleWebKit/537.36 (KHTML like Gecko) QtWebEngine/5.12.1 Chrome/69.0.3497.128 Safari/537.36,,127.0.0.1 
2019-05-12 11:32:36,FANCY-DP,GET/SoilDataAPI/Properties,Mozilla/5.0 (Windows NT 10.0; Win64; x64) AppleWebKit/537.36 (KHTML like Gecko) Chrome/74.0.3729.131 Safari/537.36,?format=xml&PropertyGroup=Agencies,127.0.0.1 
2019-05-12 11:33:41,FANCY-DP,GET/SoilDataAPI/Properties,Mozilla/5.0 (Windows NT 10.0; Win64; x64) AppleWebKit/537.36 (KHTML like Gecko) Chrome/74.0.3729.131 Safari/537.36,?format=xml&PropertyGroup=Nitrogen,127.0.0.1 
2019-05-12 11:34:04,FANCY-DP,GET/SoilDataAPI/Properties,Mozilla/5.0 (Windows NT 10.0; Win64; x64) AppleWebKit/537.36 (KHTML like Gecko) Chrome/74.0.3729.131 Safari/537.36,?format=xml&PropertyGroup=PSA,127.0.0.1 
2019-05-12 11:40:39,FANCY-DP,GET/__swagger__/,Mozilla/5.0 (Windows NT 10.0; Win64; x64) AppleWebKit/537.36 (KHTML like Gecko) QtWebEngine/5.12.1 Chrome/69.0.3497.128 Safari/537.36,?viewer_pane=1&capabilities=1&host=http%3A%2F%2F127.0.0.1%3A43520,127.0.0.1 
2019-05-12 11:40:39,FANCY-DP,GET/__swagger__/swagger-ui.css,Mozilla/5.0 (Windows NT 10.0; Win64; x64) AppleWebKit/537.36 (KHTML like Gecko) QtWebEngine/5.12.1 Chrome/69.0.3497.128 Safari/537.36,,127.0.0.1 
2019-05-12 11:40:39,FANCY-DP,GET/__swagger__/swagger-ui-bundle.js,Mozilla/5.0 (Windows NT 10.0; Win64; x64) AppleWebKit/537.36 (KHTML like Gecko) QtWebEngine/5.12.1 Chrome/69.0.3497.128 Safari/537.36,,127.0.0.1 
2019-05-12 11:40:39,FANCY-DP,GET/__swagger__/swagger-ui-standalone-preset.js,Mozilla/5.0 (Windows NT 10.0; Win64; x64) AppleWebKit/537.36 (KHTML like Gecko) QtWebEngine/5.12.1 Chrome/69.0.3497.128 Safari/537.36,,127.0.0.1 
2019-05-12 11:40:40,FANCY-DP,GET/openapi.json,Mozilla/5.0 (Windows NT 10.0; Win64; x64) AppleWebKit/537.36 (KHTML like Gecko) QtWebEngine/5.12.1 Chrome/69.0.3497.128 Safari/537.36,,127.0.0.1 
2019-05-12 11:40:41,FANCY-DP,GET/__swagger__/,Mozilla/5.0 (Windows NT 10.0; Win64; x64) AppleWebKit/537.36 (KHTML like Gecko) QtWebEngine/5.12.1 Chrome/69.0.3497.128 Safari/537.36,,127.0.0.1 
2019-05-12 11:40:42,FANCY-DP,GET/__swagger__/swagger-ui.css,Mozilla/5.0 (Windows NT 10.0; Win64; x64) AppleWebKit/537.36 (KHTML like Gecko) QtWebEngine/5.12.1 Chrome/69.0.3497.128 Safari/537.36,,127.0.0.1 
2019-05-12 11:40:42,FANCY-DP,GET/__swagger__/swagger-ui-bundle.js,Mozilla/5.0 (Windows NT 10.0; Win64; x64) AppleWebKit/537.36 (KHTML like Gecko) QtWebEngine/5.12.1 Chrome/69.0.3497.128 Safari/537.36,,127.0.0.1 
2019-05-12 11:40:42,FANCY-DP,GET/__swagger__/swagger-ui-standalone-preset.js,Mozilla/5.0 (Windows NT 10.0; Win64; x64) AppleWebKit/537.36 (KHTML like Gecko) QtWebEngine/5.12.1 Chrome/69.0.3497.128 Safari/537.36,,127.0.0.1 
2019-05-12 11:40:42,FANCY-DP,GET/openapi.json,Mozilla/5.0 (Windows NT 10.0; Win64; x64) AppleWebKit/537.36 (KHTML like Gecko) QtWebEngine/5.12.1 Chrome/69.0.3497.128 Safari/537.36,,127.0.0.1 
2019-05-12 11:40:51,FANCY-DP,GET/SoilDataAPI/PropertyGroups,Mozilla/5.0 (Windows NT 10.0; Win64; x64) AppleWebKit/537.36 (KHTML like Gecko) QtWebEngine/5.12.1 Chrome/69.0.3497.128 Safari/537.36,,127.0.0.1 
2019-05-12 11:41:12,FANCY-DP,GET/__swagger__/,Mozilla/5.0 (Windows NT 10.0; Win64; x64) AppleWebKit/537.36 (KHTML like Gecko) QtWebEngine/5.12.1 Chrome/69.0.3497.128 Safari/537.36,,127.0.0.1 
2019-05-12 11:41:12,FANCY-DP,GET/__swagger__/swagger-ui.css,Mozilla/5.0 (Windows NT 10.0; Win64; x64) AppleWebKit/537.36 (KHTML like Gecko) QtWebEngine/5.12.1 Chrome/69.0.3497.128 Safari/537.36,,127.0.0.1 
2019-05-12 11:41:12,FANCY-DP,GET/__swagger__/swagger-ui-bundle.js,Mozilla/5.0 (Windows NT 10.0; Win64; x64) AppleWebKit/537.36 (KHTML like Gecko) QtWebEngine/5.12.1 Chrome/69.0.3497.128 Safari/537.36,,127.0.0.1 
2019-05-12 11:41:12,FANCY-DP,GET/__swagger__/swagger-ui-standalone-preset.js,Mozilla/5.0 (Windows NT 10.0; Win64; x64) AppleWebKit/537.36 (KHTML like Gecko) QtWebEngine/5.12.1 Chrome/69.0.3497.128 Safari/537.36,,127.0.0.1 
2019-05-12 11:41:13,FANCY-DP,GET/openapi.json,Mozilla/5.0 (Windows NT 10.0; Win64; x64) AppleWebKit/537.36 (KHTML like Gecko) QtWebEngine/5.12.1 Chrome/69.0.3497.128 Safari/537.36,,127.0.0.1 
2019-05-12 11:41:25,FANCY-DP,GET/SoilDataAPI/PropertyGroups,Mozilla/5.0 (Windows NT 10.0; Win64; x64) AppleWebKit/537.36 (KHTML like Gecko) QtWebEngine/5.12.1 Chrome/69.0.3497.128 Safari/537.36,,127.0.0.1 
2019-05-12 11:43:57,FANCY-DP,GET/__swagger__/,Mozilla/5.0 (Windows NT 10.0; Win64; x64) AppleWebKit/537.36 (KHTML like Gecko) QtWebEngine/5.12.1 Chrome/69.0.3497.128 Safari/537.36,,127.0.0.1 
2019-05-12 11:43:57,FANCY-DP,GET/__swagger__/swagger-ui.css,Mozilla/5.0 (Windows NT 10.0; Win64; x64) AppleWebKit/537.36 (KHTML like Gecko) QtWebEngine/5.12.1 Chrome/69.0.3497.128 Safari/537.36,,127.0.0.1 
2019-05-12 11:43:57,FANCY-DP,GET/__swagger__/swagger-ui-bundle.js,Mozilla/5.0 (Windows NT 10.0; Win64; x64) AppleWebKit/537.36 (KHTML like Gecko) QtWebEngine/5.12.1 Chrome/69.0.3497.128 Safari/537.36,,127.0.0.1 
2019-05-12 11:43:57,FANCY-DP,GET/__swagger__/swagger-ui-standalone-preset.js,Mozilla/5.0 (Windows NT 10.0; Win64; x64) AppleWebKit/537.36 (KHTML like Gecko) QtWebEngine/5.12.1 Chrome/69.0.3497.128 Safari/537.36,,127.0.0.1 
2019-05-12 11:43:59,FANCY-DP,GET/openapi.json,Mozilla/5.0 (Windows NT 10.0; Win64; x64) AppleWebKit/537.36 (KHTML like Gecko) QtWebEngine/5.12.1 Chrome/69.0.3497.128 Safari/537.36,,127.0.0.1 
2019-05-12 11:44:07,FANCY-DP,GET/SoilDataAPI/PropertyGroups,Mozilla/5.0 (Windows NT 10.0; Win64; x64) AppleWebKit/537.36 (KHTML like Gecko) QtWebEngine/5.12.1 Chrome/69.0.3497.128 Safari/537.36,,127.0.0.1 
2019-05-12 11:44:52,FANCY-DP,GET/SoilDataAPI/PropertyGroup,Mozilla/5.0 (Windows NT 10.0; Win64; x64) AppleWebKit/537.36 (KHTML like Gecko) Chrome/74.0.3729.131 Safari/537.36,,127.0.0.1 
2019-05-12 11:46:55,FANCY-DP,GET/__swagger__/,Mozilla/5.0 (Windows NT 10.0; Win64; x64) AppleWebKit/537.36 (KHTML like Gecko) QtWebEngine/5.12.1 Chrome/69.0.3497.128 Safari/537.36,?viewer_pane=1&capabilities=1&host=http%3A%2F%2F127.0.0.1%3A43520,127.0.0.1 
2019-05-12 11:46:55,FANCY-DP,GET/__swagger__/swagger-ui.css,Mozilla/5.0 (Windows NT 10.0; Win64; x64) AppleWebKit/537.36 (KHTML like Gecko) QtWebEngine/5.12.1 Chrome/69.0.3497.128 Safari/537.36,,127.0.0.1 
2019-05-12 11:46:55,FANCY-DP,GET/__swagger__/swagger-ui-bundle.js,Mozilla/5.0 (Windows NT 10.0; Win64; x64) AppleWebKit/537.36 (KHTML like Gecko) QtWebEngine/5.12.1 Chrome/69.0.3497.128 Safari/537.36,,127.0.0.1 
2019-05-12 11:46:56,FANCY-DP,GET/__swagger__/swagger-ui-standalone-preset.js,Mozilla/5.0 (Windows NT 10.0; Win64; x64) AppleWebKit/537.36 (KHTML like Gecko) QtWebEngine/5.12.1 Chrome/69.0.3497.128 Safari/537.36,,127.0.0.1 
2019-05-12 11:46:57,FANCY-DP,GET/openapi.json,Mozilla/5.0 (Windows NT 10.0; Win64; x64) AppleWebKit/537.36 (KHTML like Gecko) QtWebEngine/5.12.1 Chrome/69.0.3497.128 Safari/537.36,,127.0.0.1 
2019-05-12 11:46:58,FANCY-DP,GET/__swagger__/,Mozilla/5.0 (Windows NT 10.0; Win64; x64) AppleWebKit/537.36 (KHTML like Gecko) QtWebEngine/5.12.1 Chrome/69.0.3497.128 Safari/537.36,,127.0.0.1 
2019-05-12 11:46:58,FANCY-DP,GET/__swagger__/swagger-ui.css,Mozilla/5.0 (Windows NT 10.0; Win64; x64) AppleWebKit/537.36 (KHTML like Gecko) QtWebEngine/5.12.1 Chrome/69.0.3497.128 Safari/537.36,,127.0.0.1 
2019-05-12 11:46:58,FANCY-DP,GET/__swagger__/swagger-ui-bundle.js,Mozilla/5.0 (Windows NT 10.0; Win64; x64) AppleWebKit/537.36 (KHTML like Gecko) QtWebEngine/5.12.1 Chrome/69.0.3497.128 Safari/537.36,,127.0.0.1 
2019-05-12 11:46:58,FANCY-DP,GET/__swagger__/swagger-ui-standalone-preset.js,Mozilla/5.0 (Windows NT 10.0; Win64; x64) AppleWebKit/537.36 (KHTML like Gecko) QtWebEngine/5.12.1 Chrome/69.0.3497.128 Safari/537.36,,127.0.0.1 
2019-05-12 11:47:00,FANCY-DP,GET/openapi.json,Mozilla/5.0 (Windows NT 10.0; Win64; x64) AppleWebKit/537.36 (KHTML like Gecko) QtWebEngine/5.12.1 Chrome/69.0.3497.128 Safari/537.36,,127.0.0.1 
2019-05-12 11:48:03,FANCY-DP,GET/SoilDataAPI/PropertyGroups,Mozilla/5.0 (Windows NT 10.0; Win64; x64) AppleWebKit/537.36 (KHTML like Gecko) QtWebEngine/5.12.1 Chrome/69.0.3497.128 Safari/537.36,,127.0.0.1 
2019-05-12 11:48:22,FANCY-DP,GET/SoilDataAPI/PropertyGroups,Mozilla/5.0 (Windows NT 10.0; Win64; x64) AppleWebKit/537.36 (KHTML like Gecko) Chrome/74.0.3729.131 Safari/537.36,,127.0.0.1 
2019-05-12 11:48:39,FANCY-DP,GET/SoilDataAPI/PropertyGroups/format=csv,Mozilla/5.0 (Windows NT 10.0; Win64; x64) AppleWebKit/537.36 (KHTML like Gecko) Chrome/74.0.3729.131 Safari/537.36,,127.0.0.1 
2019-05-12 11:48:51,FANCY-DP,GET/SoilDataAPI/PropertyGroups,Mozilla/5.0 (Windows NT 10.0; Win64; x64) AppleWebKit/537.36 (KHTML like Gecko) Chrome/74.0.3729.131 Safari/537.36,?format=csv,127.0.0.1 
2019-05-12 11:49:15,FANCY-DP,GET/SoilDataAPI/PropertyGroups/format=html,Mozilla/5.0 (Windows NT 10.0; Win64; x64) AppleWebKit/537.36 (KHTML like Gecko) Chrome/74.0.3729.131 Safari/537.36,,127.0.0.1 
2019-05-12 11:49:27,FANCY-DP,GET/SoilDataAPI/PropertyGroups,Mozilla/5.0 (Windows NT 10.0; Win64; x64) AppleWebKit/537.36 (KHTML like Gecko) Chrome/74.0.3729.131 Safari/537.36,?format=html,127.0.0.1 
2019-05-12 11:49:43,FANCY-DP,GET/SoilDataAPI/PropertyGroups,Mozilla/5.0 (Windows NT 10.0; Win64; x64) AppleWebKit/537.36 (KHTML like Gecko) Chrome/74.0.3729.131 Safari/537.36,?format=xml,127.0.0.1 
2019-05-12 11:51:23,FANCY-DP,GET/__swagger__/,Mozilla/5.0 (Windows NT 10.0; Win64; x64) AppleWebKit/537.36 (KHTML like Gecko) QtWebEngine/5.12.1 Chrome/69.0.3497.128 Safari/537.36,?viewer_pane=1&capabilities=1&host=http%3A%2F%2F127.0.0.1%3A43520,127.0.0.1 
2019-05-12 11:51:23,FANCY-DP,GET/__swagger__/swagger-ui.css,Mozilla/5.0 (Windows NT 10.0; Win64; x64) AppleWebKit/537.36 (KHTML like Gecko) QtWebEngine/5.12.1 Chrome/69.0.3497.128 Safari/537.36,,127.0.0.1 
2019-05-12 11:51:23,FANCY-DP,GET/__swagger__/swagger-ui-bundle.js,Mozilla/5.0 (Windows NT 10.0; Win64; x64) AppleWebKit/537.36 (KHTML like Gecko) QtWebEngine/5.12.1 Chrome/69.0.3497.128 Safari/537.36,,127.0.0.1 
2019-05-12 11:51:23,FANCY-DP,GET/__swagger__/swagger-ui-standalone-preset.js,Mozilla/5.0 (Windows NT 10.0; Win64; x64) AppleWebKit/537.36 (KHTML like Gecko) QtWebEngine/5.12.1 Chrome/69.0.3497.128 Safari/537.36,,127.0.0.1 
2019-05-12 11:51:23,FANCY-DP,GET/openapi.json,Mozilla/5.0 (Windows NT 10.0; Win64; x64) AppleWebKit/537.36 (KHTML like Gecko) QtWebEngine/5.12.1 Chrome/69.0.3497.128 Safari/537.36,,127.0.0.1 
2019-05-12 11:51:25,FANCY-DP,GET/__swagger__/,Mozilla/5.0 (Windows NT 10.0; Win64; x64) AppleWebKit/537.36 (KHTML like Gecko) QtWebEngine/5.12.1 Chrome/69.0.3497.128 Safari/537.36,,127.0.0.1 
2019-05-12 11:51:25,FANCY-DP,GET/__swagger__/swagger-ui.css,Mozilla/5.0 (Windows NT 10.0; Win64; x64) AppleWebKit/537.36 (KHTML like Gecko) QtWebEngine/5.12.1 Chrome/69.0.3497.128 Safari/537.36,,127.0.0.1 
2019-05-12 11:51:25,FANCY-DP,GET/__swagger__/swagger-ui-bundle.js,Mozilla/5.0 (Windows NT 10.0; Win64; x64) AppleWebKit/537.36 (KHTML like Gecko) QtWebEngine/5.12.1 Chrome/69.0.3497.128 Safari/537.36,,127.0.0.1 
2019-05-12 11:51:25,FANCY-DP,GET/__swagger__/swagger-ui-standalone-preset.js,Mozilla/5.0 (Windows NT 10.0; Win64; x64) AppleWebKit/537.36 (KHTML like Gecko) QtWebEngine/5.12.1 Chrome/69.0.3497.128 Safari/537.36,,127.0.0.1 
2019-05-12 11:51:26,FANCY-DP,GET/openapi.json,Mozilla/5.0 (Windows NT 10.0; Win64; x64) AppleWebKit/537.36 (KHTML like Gecko) QtWebEngine/5.12.1 Chrome/69.0.3497.128 Safari/537.36,,127.0.0.1 
2019-05-12 11:51:41,FANCY-DP,GET/SoilDataAPI/PropertyGroups,Mozilla/5.0 (Windows NT 10.0; Win64; x64) AppleWebKit/537.36 (KHTML like Gecko) QtWebEngine/5.12.1 Chrome/69.0.3497.128 Safari/537.36,?format=html,127.0.0.1 
2019-05-12 11:52:32,FANCY-DP,GET/__swagger__/,Mozilla/5.0 (Windows NT 10.0; Win64; x64) AppleWebKit/537.36 (KHTML like Gecko) QtWebEngine/5.12.1 Chrome/69.0.3497.128 Safari/537.36,?viewer_pane=1&capabilities=1&host=http%3A%2F%2F127.0.0.1%3A43520,127.0.0.1 
2019-05-12 11:52:32,FANCY-DP,GET/__swagger__/swagger-ui.css,Mozilla/5.0 (Windows NT 10.0; Win64; x64) AppleWebKit/537.36 (KHTML like Gecko) QtWebEngine/5.12.1 Chrome/69.0.3497.128 Safari/537.36,,127.0.0.1 
2019-05-12 11:52:32,FANCY-DP,GET/__swagger__/swagger-ui-bundle.js,Mozilla/5.0 (Windows NT 10.0; Win64; x64) AppleWebKit/537.36 (KHTML like Gecko) QtWebEngine/5.12.1 Chrome/69.0.3497.128 Safari/537.36,,127.0.0.1 
2019-05-12 11:52:32,FANCY-DP,GET/__swagger__/swagger-ui-standalone-preset.js,Mozilla/5.0 (Windows NT 10.0; Win64; x64) AppleWebKit/537.36 (KHTML like Gecko) QtWebEngine/5.12.1 Chrome/69.0.3497.128 Safari/537.36,,127.0.0.1 
2019-05-12 11:52:35,FANCY-DP,GET/openapi.json,Mozilla/5.0 (Windows NT 10.0; Win64; x64) AppleWebKit/537.36 (KHTML like Gecko) QtWebEngine/5.12.1 Chrome/69.0.3497.128 Safari/537.36,,127.0.0.1 
2019-05-12 11:52:36,FANCY-DP,GET/__swagger__/,Mozilla/5.0 (Windows NT 10.0; Win64; x64) AppleWebKit/537.36 (KHTML like Gecko) QtWebEngine/5.12.1 Chrome/69.0.3497.128 Safari/537.36,,127.0.0.1 
2019-05-12 11:52:36,FANCY-DP,GET/__swagger__/swagger-ui.css,Mozilla/5.0 (Windows NT 10.0; Win64; x64) AppleWebKit/537.36 (KHTML like Gecko) QtWebEngine/5.12.1 Chrome/69.0.3497.128 Safari/537.36,,127.0.0.1 
2019-05-12 11:52:36,FANCY-DP,GET/__swagger__/swagger-ui-bundle.js,Mozilla/5.0 (Windows NT 10.0; Win64; x64) AppleWebKit/537.36 (KHTML like Gecko) QtWebEngine/5.12.1 Chrome/69.0.3497.128 Safari/537.36,,127.0.0.1 
2019-05-12 11:52:36,FANCY-DP,GET/__swagger__/swagger-ui-standalone-preset.js,Mozilla/5.0 (Windows NT 10.0; Win64; x64) AppleWebKit/537.36 (KHTML like Gecko) QtWebEngine/5.12.1 Chrome/69.0.3497.128 Safari/537.36,,127.0.0.1 
2019-05-12 11:52:36,FANCY-DP,GET/openapi.json,Mozilla/5.0 (Windows NT 10.0; Win64; x64) AppleWebKit/537.36 (KHTML like Gecko) QtWebEngine/5.12.1 Chrome/69.0.3497.128 Safari/537.36,,127.0.0.1 
2019-05-12 11:52:43,FANCY-DP,GET/SoilDataAPI/PropertyGroups,Mozilla/5.0 (Windows NT 10.0; Win64; x64) AppleWebKit/537.36 (KHTML like Gecko) QtWebEngine/5.12.1 Chrome/69.0.3497.128 Safari/537.36,,127.0.0.1 
2019-05-12 11:52:55,FANCY-DP,GET/SoilDataAPI/PropertyGroups,Mozilla/5.0 (Windows NT 10.0; Win64; x64) AppleWebKit/537.36 (KHTML like Gecko) QtWebEngine/5.12.1 Chrome/69.0.3497.128 Safari/537.36,?format=html,127.0.0.1 
2019-05-12 11:57:31,FANCY-DP,GET/__swagger__/,Mozilla/5.0 (Windows NT 10.0; Win64; x64) AppleWebKit/537.36 (KHTML like Gecko) QtWebEngine/5.12.1 Chrome/69.0.3497.128 Safari/537.36,,127.0.0.1 
2019-05-12 11:57:32,FANCY-DP,GET/__swagger__/swagger-ui.css,Mozilla/5.0 (Windows NT 10.0; Win64; x64) AppleWebKit/537.36 (KHTML like Gecko) QtWebEngine/5.12.1 Chrome/69.0.3497.128 Safari/537.36,,127.0.0.1 
2019-05-12 11:57:32,FANCY-DP,GET/__swagger__/swagger-ui-bundle.js,Mozilla/5.0 (Windows NT 10.0; Win64; x64) AppleWebKit/537.36 (KHTML like Gecko) QtWebEngine/5.12.1 Chrome/69.0.3497.128 Safari/537.36,,127.0.0.1 
2019-05-12 11:57:32,FANCY-DP,GET/__swagger__/swagger-ui-standalone-preset.js,Mozilla/5.0 (Windows NT 10.0; Win64; x64) AppleWebKit/537.36 (KHTML like Gecko) QtWebEngine/5.12.1 Chrome/69.0.3497.128 Safari/537.36,,127.0.0.1 
2019-05-12 11:57:32,FANCY-DP,GET/openapi.json,Mozilla/5.0 (Windows NT 10.0; Win64; x64) AppleWebKit/537.36 (KHTML like Gecko) QtWebEngine/5.12.1 Chrome/69.0.3497.128 Safari/537.36,,127.0.0.1 
2019-05-12 11:57:45,FANCY-DP,GET/SoilDataAPI/PropertyGroups,Mozilla/5.0 (Windows NT 10.0; Win64; x64) AppleWebKit/537.36 (KHTML like Gecko) QtWebEngine/5.12.1 Chrome/69.0.3497.128 Safari/537.36,?format=html,127.0.0.1 
2019-05-12 11:58:29,FANCY-DP,GET/SoilDataAPI/PropertyGroups,Mozilla/5.0 (Windows NT 10.0; Win64; x64) AppleWebKit/537.36 (KHTML like Gecko) Chrome/74.0.3729.131 Safari/537.36,?format=html,127.0.0.1 
2019-05-12 11:59:35,FANCY-DP,GET/SoilDataAPI/PropertyGroups,Mozilla/5.0 (Windows NT 10.0; Win64; x64) AppleWebKit/537.36 (KHTML like Gecko) Chrome/74.0.3729.131 Safari/537.36,?format=csv,127.0.0.1 
2019-05-12 11:59:42,FANCY-DP,GET/SoilDataAPI/PropertyGroups,Mozilla/5.0 (Windows NT 10.0; Win64; x64) AppleWebKit/537.36 (KHTML like Gecko) Chrome/74.0.3729.131 Safari/537.36,?format=xml,127.0.0.1 
2019-05-12 11:59:52,FANCY-DP,GET/SoilDataAPI/PropertyGroups,Mozilla/5.0 (Windows NT 10.0; Win64; x64) AppleWebKit/537.36 (KHTML like Gecko) Chrome/74.0.3729.131 Safari/537.36,?format=json,127.0.0.1 
2019-05-12 14:44:22,FANCY-DP,GET/__swagger__/,Mozilla/5.0 (Windows NT 10.0; Win64; x64) AppleWebKit/537.36 (KHTML like Gecko) QtWebEngine/5.12.1 Chrome/69.0.3497.128 Safari/537.36,,127.0.0.1 
2019-05-12 14:44:22,FANCY-DP,GET/__swagger__/swagger-ui.css,Mozilla/5.0 (Windows NT 10.0; Win64; x64) AppleWebKit/537.36 (KHTML like Gecko) QtWebEngine/5.12.1 Chrome/69.0.3497.128 Safari/537.36,,127.0.0.1 
2019-05-12 14:44:22,FANCY-DP,GET/__swagger__/swagger-ui-bundle.js,Mozilla/5.0 (Windows NT 10.0; Win64; x64) AppleWebKit/537.36 (KHTML like Gecko) QtWebEngine/5.12.1 Chrome/69.0.3497.128 Safari/537.36,,127.0.0.1 
2019-05-12 14:44:22,FANCY-DP,GET/__swagger__/swagger-ui-standalone-preset.js,Mozilla/5.0 (Windows NT 10.0; Win64; x64) AppleWebKit/537.36 (KHTML like Gecko) QtWebEngine/5.12.1 Chrome/69.0.3497.128 Safari/537.36,,127.0.0.1 
2019-05-12 14:44:23,FANCY-DP,GET/openapi.json,Mozilla/5.0 (Windows NT 10.0; Win64; x64) AppleWebKit/537.36 (KHTML like Gecko) QtWebEngine/5.12.1 Chrome/69.0.3497.128 Safari/537.36,,127.0.0.1 
2019-05-12 14:44:34,FANCY-DP,GET/__swagger__/,Mozilla/5.0 (Windows NT 10.0; Win64; x64) AppleWebKit/537.36 (KHTML like Gecko) QtWebEngine/5.12.1 Chrome/69.0.3497.128 Safari/537.36,,127.0.0.1 
2019-05-12 14:44:34,FANCY-DP,GET/__swagger__/swagger-ui.css,Mozilla/5.0 (Windows NT 10.0; Win64; x64) AppleWebKit/537.36 (KHTML like Gecko) QtWebEngine/5.12.1 Chrome/69.0.3497.128 Safari/537.36,,127.0.0.1 
2019-05-12 14:44:34,FANCY-DP,GET/__swagger__/swagger-ui-bundle.js,Mozilla/5.0 (Windows NT 10.0; Win64; x64) AppleWebKit/537.36 (KHTML like Gecko) QtWebEngine/5.12.1 Chrome/69.0.3497.128 Safari/537.36,,127.0.0.1 
2019-05-12 14:44:34,FANCY-DP,GET/__swagger__/swagger-ui-standalone-preset.js,Mozilla/5.0 (Windows NT 10.0; Win64; x64) AppleWebKit/537.36 (KHTML like Gecko) QtWebEngine/5.12.1 Chrome/69.0.3497.128 Safari/537.36,,127.0.0.1 
2019-05-12 14:44:34,FANCY-DP,GET/openapi.json,Mozilla/5.0 (Windows NT 10.0; Win64; x64) AppleWebKit/537.36 (KHTML like Gecko) QtWebEngine/5.12.1 Chrome/69.0.3497.128 Safari/537.36,,127.0.0.1 
2019-05-12 14:46:03,FANCY-DP,GET/__swagger__/,Mozilla/5.0 (Windows NT 10.0; Win64; x64) AppleWebKit/537.36 (KHTML like Gecko) QtWebEngine/5.12.1 Chrome/69.0.3497.128 Safari/537.36,,127.0.0.1 
2019-05-12 14:46:37,FANCY-DP,GET/__swagger__/,Mozilla/5.0 (Windows NT 10.0; Win64; x64) AppleWebKit/537.36 (KHTML like Gecko) QtWebEngine/5.12.1 Chrome/69.0.3497.128 Safari/537.36,?viewer_pane=1&capabilities=1&host=http%3A%2F%2F127.0.0.1%3A43520,127.0.0.1 
2019-05-12 14:46:37,FANCY-DP,GET/__swagger__/swagger-ui.css,Mozilla/5.0 (Windows NT 10.0; Win64; x64) AppleWebKit/537.36 (KHTML like Gecko) QtWebEngine/5.12.1 Chrome/69.0.3497.128 Safari/537.36,,127.0.0.1 
2019-05-12 14:46:37,FANCY-DP,GET/__swagger__/swagger-ui-bundle.js,Mozilla/5.0 (Windows NT 10.0; Win64; x64) AppleWebKit/537.36 (KHTML like Gecko) QtWebEngine/5.12.1 Chrome/69.0.3497.128 Safari/537.36,,127.0.0.1 
2019-05-12 14:46:38,FANCY-DP,GET/__swagger__/swagger-ui-standalone-preset.js,Mozilla/5.0 (Windows NT 10.0; Win64; x64) AppleWebKit/537.36 (KHTML like Gecko) QtWebEngine/5.12.1 Chrome/69.0.3497.128 Safari/537.36,,127.0.0.1 
2019-05-12 14:46:40,FANCY-DP,GET/openapi.json,Mozilla/5.0 (Windows NT 10.0; Win64; x64) AppleWebKit/537.36 (KHTML like Gecko) QtWebEngine/5.12.1 Chrome/69.0.3497.128 Safari/537.36,,127.0.0.1 
2019-05-12 14:46:40,FANCY-DP,GET/__swagger__/,Mozilla/5.0 (Windows NT 10.0; Win64; x64) AppleWebKit/537.36 (KHTML like Gecko) QtWebEngine/5.12.1 Chrome/69.0.3497.128 Safari/537.36,,127.0.0.1 
2019-05-12 14:46:40,FANCY-DP,GET/__swagger__/swagger-ui.css,Mozilla/5.0 (Windows NT 10.0; Win64; x64) AppleWebKit/537.36 (KHTML like Gecko) QtWebEngine/5.12.1 Chrome/69.0.3497.128 Safari/537.36,,127.0.0.1 
2019-05-12 14:46:40,FANCY-DP,GET/__swagger__/swagger-ui-bundle.js,Mozilla/5.0 (Windows NT 10.0; Win64; x64) AppleWebKit/537.36 (KHTML like Gecko) QtWebEngine/5.12.1 Chrome/69.0.3497.128 Safari/537.36,,127.0.0.1 
2019-05-12 14:46:40,FANCY-DP,GET/__swagger__/swagger-ui-standalone-preset.js,Mozilla/5.0 (Windows NT 10.0; Win64; x64) AppleWebKit/537.36 (KHTML like Gecko) QtWebEngine/5.12.1 Chrome/69.0.3497.128 Safari/537.36,,127.0.0.1 
2019-05-12 14:46:40,FANCY-DP,GET/openapi.json,Mozilla/5.0 (Windows NT 10.0; Win64; x64) AppleWebKit/537.36 (KHTML like Gecko) QtWebEngine/5.12.1 Chrome/69.0.3497.128 Safari/537.36,,127.0.0.1 
2019-05-12 14:46:48,FANCY-DP,GET/SoilDataAPI/Providers,Mozilla/5.0 (Windows NT 10.0; Win64; x64) AppleWebKit/537.36 (KHTML like Gecko) QtWebEngine/5.12.1 Chrome/69.0.3497.128 Safari/537.36,,127.0.0.1 
2019-05-12 14:47:24,FANCY-DP,GET/SoilDataAPI/Providers,Mozilla/5.0 (Windows NT 10.0; Win64; x64) AppleWebKit/537.36 (KHTML like Gecko) QtWebEngine/5.12.1 Chrome/69.0.3497.128 Safari/537.36,?format=xml,127.0.0.1 
2019-05-12 14:49:42,FANCY-DP,GET/__swagger__/,Mozilla/5.0 (Windows NT 10.0; Win64; x64) AppleWebKit/537.36 (KHTML like Gecko) QtWebEngine/5.12.1 Chrome/69.0.3497.128 Safari/537.36,?viewer_pane=1&capabilities=1&host=http%3A%2F%2F127.0.0.1%3A43520,127.0.0.1 
2019-05-12 14:49:43,FANCY-DP,GET/__swagger__/swagger-ui.css,Mozilla/5.0 (Windows NT 10.0; Win64; x64) AppleWebKit/537.36 (KHTML like Gecko) QtWebEngine/5.12.1 Chrome/69.0.3497.128 Safari/537.36,,127.0.0.1 
2019-05-12 14:49:43,FANCY-DP,GET/__swagger__/swagger-ui-bundle.js,Mozilla/5.0 (Windows NT 10.0; Win64; x64) AppleWebKit/537.36 (KHTML like Gecko) QtWebEngine/5.12.1 Chrome/69.0.3497.128 Safari/537.36,,127.0.0.1 
2019-05-12 14:49:43,FANCY-DP,GET/__swagger__/swagger-ui-standalone-preset.js,Mozilla/5.0 (Windows NT 10.0; Win64; x64) AppleWebKit/537.36 (KHTML like Gecko) QtWebEngine/5.12.1 Chrome/69.0.3497.128 Safari/537.36,,127.0.0.1 
2019-05-12 14:49:45,FANCY-DP,GET/openapi.json,Mozilla/5.0 (Windows NT 10.0; Win64; x64) AppleWebKit/537.36 (KHTML like Gecko) QtWebEngine/5.12.1 Chrome/69.0.3497.128 Safari/537.36,,127.0.0.1 
2019-05-12 14:49:46,FANCY-DP,GET/__swagger__/,Mozilla/5.0 (Windows NT 10.0; Win64; x64) AppleWebKit/537.36 (KHTML like Gecko) QtWebEngine/5.12.1 Chrome/69.0.3497.128 Safari/537.36,,127.0.0.1 
2019-05-12 14:49:46,FANCY-DP,GET/__swagger__/swagger-ui.css,Mozilla/5.0 (Windows NT 10.0; Win64; x64) AppleWebKit/537.36 (KHTML like Gecko) QtWebEngine/5.12.1 Chrome/69.0.3497.128 Safari/537.36,,127.0.0.1 
2019-05-12 14:49:46,FANCY-DP,GET/__swagger__/swagger-ui-bundle.js,Mozilla/5.0 (Windows NT 10.0; Win64; x64) AppleWebKit/537.36 (KHTML like Gecko) QtWebEngine/5.12.1 Chrome/69.0.3497.128 Safari/537.36,,127.0.0.1 
2019-05-12 14:49:47,FANCY-DP,GET/__swagger__/swagger-ui-standalone-preset.js,Mozilla/5.0 (Windows NT 10.0; Win64; x64) AppleWebKit/537.36 (KHTML like Gecko) QtWebEngine/5.12.1 Chrome/69.0.3497.128 Safari/537.36,,127.0.0.1 
2019-05-12 14:49:47,FANCY-DP,GET/openapi.json,Mozilla/5.0 (Windows NT 10.0; Win64; x64) AppleWebKit/537.36 (KHTML like Gecko) QtWebEngine/5.12.1 Chrome/69.0.3497.128 Safari/537.36,,127.0.0.1 
2019-05-12 14:50:01,FANCY-DP,GET/SoilDataAPI/Providers,Mozilla/5.0 (Windows NT 10.0; Win64; x64) AppleWebKit/537.36 (KHTML like Gecko) QtWebEngine/5.12.1 Chrome/69.0.3497.128 Safari/537.36,?format=xml,127.0.0.1 
2019-05-12 14:55:26,FANCY-DP,GET/__swagger__/,Mozilla/5.0 (Windows NT 10.0; Win64; x64) AppleWebKit/537.36 (KHTML like Gecko) QtWebEngine/5.12.1 Chrome/69.0.3497.128 Safari/537.36,?viewer_pane=1&capabilities=1&host=http%3A%2F%2F127.0.0.1%3A43520,127.0.0.1 
2019-05-12 14:55:26,FANCY-DP,GET/__swagger__/swagger-ui.css,Mozilla/5.0 (Windows NT 10.0; Win64; x64) AppleWebKit/537.36 (KHTML like Gecko) QtWebEngine/5.12.1 Chrome/69.0.3497.128 Safari/537.36,,127.0.0.1 
2019-05-12 14:55:26,FANCY-DP,GET/__swagger__/swagger-ui-bundle.js,Mozilla/5.0 (Windows NT 10.0; Win64; x64) AppleWebKit/537.36 (KHTML like Gecko) QtWebEngine/5.12.1 Chrome/69.0.3497.128 Safari/537.36,,127.0.0.1 
2019-05-12 14:55:26,FANCY-DP,GET/__swagger__/swagger-ui-standalone-preset.js,Mozilla/5.0 (Windows NT 10.0; Win64; x64) AppleWebKit/537.36 (KHTML like Gecko) QtWebEngine/5.12.1 Chrome/69.0.3497.128 Safari/537.36,,127.0.0.1 
2019-05-12 14:55:26,FANCY-DP,GET/openapi.json,Mozilla/5.0 (Windows NT 10.0; Win64; x64) AppleWebKit/537.36 (KHTML like Gecko) QtWebEngine/5.12.1 Chrome/69.0.3497.128 Safari/537.36,,127.0.0.1 
2019-05-12 14:55:27,FANCY-DP,GET/__swagger__/,Mozilla/5.0 (Windows NT 10.0; Win64; x64) AppleWebKit/537.36 (KHTML like Gecko) QtWebEngine/5.12.1 Chrome/69.0.3497.128 Safari/537.36,,127.0.0.1 
2019-05-12 14:55:27,FANCY-DP,GET/__swagger__/swagger-ui.css,Mozilla/5.0 (Windows NT 10.0; Win64; x64) AppleWebKit/537.36 (KHTML like Gecko) QtWebEngine/5.12.1 Chrome/69.0.3497.128 Safari/537.36,,127.0.0.1 
2019-05-12 14:55:28,FANCY-DP,GET/__swagger__/swagger-ui-bundle.js,Mozilla/5.0 (Windows NT 10.0; Win64; x64) AppleWebKit/537.36 (KHTML like Gecko) QtWebEngine/5.12.1 Chrome/69.0.3497.128 Safari/537.36,,127.0.0.1 
2019-05-12 14:55:28,FANCY-DP,GET/__swagger__/swagger-ui-standalone-preset.js,Mozilla/5.0 (Windows NT 10.0; Win64; x64) AppleWebKit/537.36 (KHTML like Gecko) QtWebEngine/5.12.1 Chrome/69.0.3497.128 Safari/537.36,,127.0.0.1 
2019-05-12 14:55:28,FANCY-DP,GET/openapi.json,Mozilla/5.0 (Windows NT 10.0; Win64; x64) AppleWebKit/537.36 (KHTML like Gecko) QtWebEngine/5.12.1 Chrome/69.0.3497.128 Safari/537.36,,127.0.0.1 
2019-05-12 14:55:39,FANCY-DP,GET/SoilDataAPI/Providers,Mozilla/5.0 (Windows NT 10.0; Win64; x64) AppleWebKit/537.36 (KHTML like Gecko) QtWebEngine/5.12.1 Chrome/69.0.3497.128 Safari/537.36,?format=xml,127.0.0.1 
2019-05-12 14:57:26,FANCY-DP,GET/__swagger__/,Mozilla/5.0 (Windows NT 10.0; Win64; x64) AppleWebKit/537.36 (KHTML like Gecko) QtWebEngine/5.12.1 Chrome/69.0.3497.128 Safari/537.36,?viewer_pane=1&capabilities=1&host=http%3A%2F%2F127.0.0.1%3A43520,127.0.0.1 
2019-05-12 14:57:27,FANCY-DP,GET/__swagger__/swagger-ui.css,Mozilla/5.0 (Windows NT 10.0; Win64; x64) AppleWebKit/537.36 (KHTML like Gecko) QtWebEngine/5.12.1 Chrome/69.0.3497.128 Safari/537.36,,127.0.0.1 
2019-05-12 14:57:27,FANCY-DP,GET/__swagger__/swagger-ui-bundle.js,Mozilla/5.0 (Windows NT 10.0; Win64; x64) AppleWebKit/537.36 (KHTML like Gecko) QtWebEngine/5.12.1 Chrome/69.0.3497.128 Safari/537.36,,127.0.0.1 
2019-05-12 14:57:27,FANCY-DP,GET/__swagger__/swagger-ui-standalone-preset.js,Mozilla/5.0 (Windows NT 10.0; Win64; x64) AppleWebKit/537.36 (KHTML like Gecko) QtWebEngine/5.12.1 Chrome/69.0.3497.128 Safari/537.36,,127.0.0.1 
2019-05-12 14:57:28,FANCY-DP,GET/openapi.json,Mozilla/5.0 (Windows NT 10.0; Win64; x64) AppleWebKit/537.36 (KHTML like Gecko) QtWebEngine/5.12.1 Chrome/69.0.3497.128 Safari/537.36,,127.0.0.1 
2019-05-12 14:57:29,FANCY-DP,GET/__swagger__/,Mozilla/5.0 (Windows NT 10.0; Win64; x64) AppleWebKit/537.36 (KHTML like Gecko) QtWebEngine/5.12.1 Chrome/69.0.3497.128 Safari/537.36,,127.0.0.1 
2019-05-12 14:57:29,FANCY-DP,GET/__swagger__/swagger-ui.css,Mozilla/5.0 (Windows NT 10.0; Win64; x64) AppleWebKit/537.36 (KHTML like Gecko) QtWebEngine/5.12.1 Chrome/69.0.3497.128 Safari/537.36,,127.0.0.1 
2019-05-12 14:57:29,FANCY-DP,GET/__swagger__/swagger-ui-bundle.js,Mozilla/5.0 (Windows NT 10.0; Win64; x64) AppleWebKit/537.36 (KHTML like Gecko) QtWebEngine/5.12.1 Chrome/69.0.3497.128 Safari/537.36,,127.0.0.1 
2019-05-12 14:57:29,FANCY-DP,GET/__swagger__/swagger-ui-standalone-preset.js,Mozilla/5.0 (Windows NT 10.0; Win64; x64) AppleWebKit/537.36 (KHTML like Gecko) QtWebEngine/5.12.1 Chrome/69.0.3497.128 Safari/537.36,,127.0.0.1 
2019-05-12 14:57:29,FANCY-DP,GET/openapi.json,Mozilla/5.0 (Windows NT 10.0; Win64; x64) AppleWebKit/537.36 (KHTML like Gecko) QtWebEngine/5.12.1 Chrome/69.0.3497.128 Safari/537.36,,127.0.0.1 
2019-05-12 14:57:38,FANCY-DP,GET/SoilDataAPI/Providers,Mozilla/5.0 (Windows NT 10.0; Win64; x64) AppleWebKit/537.36 (KHTML like Gecko) QtWebEngine/5.12.1 Chrome/69.0.3497.128 Safari/537.36,?format=xml,127.0.0.1 
2019-05-12 14:58:04,FANCY-DP,GET/SoilDataAPI/Providers,Mozilla/5.0 (Windows NT 10.0; Win64; x64) AppleWebKit/537.36 (KHTML like Gecko) QtWebEngine/5.12.1 Chrome/69.0.3497.128 Safari/537.36,,127.0.0.1 
2019-05-12 14:58:20,FANCY-DP,GET/SoilDataAPI/Providers,Mozilla/5.0 (Windows NT 10.0; Win64; x64) AppleWebKit/537.36 (KHTML like Gecko) QtWebEngine/5.12.1 Chrome/69.0.3497.128 Safari/537.36,?format=html,127.0.0.1 
2019-05-12 14:58:26,FANCY-DP,GET/SoilDataAPI/Providers,Mozilla/5.0 (Windows NT 10.0; Win64; x64) AppleWebKit/537.36 (KHTML like Gecko) QtWebEngine/5.12.1 Chrome/69.0.3497.128 Safari/537.36,?format=csv,127.0.0.1 
2019-05-12 14:59:16,FANCY-DP,GET/__swagger__/,Mozilla/5.0 (Windows NT 10.0; Win64; x64) AppleWebKit/537.36 (KHTML like Gecko) QtWebEngine/5.12.1 Chrome/69.0.3497.128 Safari/537.36,?viewer_pane=1&capabilities=1&host=http%3A%2F%2F127.0.0.1%3A43520,127.0.0.1 
2019-05-12 14:59:16,FANCY-DP,GET/__swagger__/swagger-ui.css,Mozilla/5.0 (Windows NT 10.0; Win64; x64) AppleWebKit/537.36 (KHTML like Gecko) QtWebEngine/5.12.1 Chrome/69.0.3497.128 Safari/537.36,,127.0.0.1 
2019-05-12 14:59:16,FANCY-DP,GET/__swagger__/swagger-ui-bundle.js,Mozilla/5.0 (Windows NT 10.0; Win64; x64) AppleWebKit/537.36 (KHTML like Gecko) QtWebEngine/5.12.1 Chrome/69.0.3497.128 Safari/537.36,,127.0.0.1 
2019-05-12 14:59:16,FANCY-DP,GET/__swagger__/swagger-ui-standalone-preset.js,Mozilla/5.0 (Windows NT 10.0; Win64; x64) AppleWebKit/537.36 (KHTML like Gecko) QtWebEngine/5.12.1 Chrome/69.0.3497.128 Safari/537.36,,127.0.0.1 
2019-05-12 14:59:16,FANCY-DP,GET/openapi.json,Mozilla/5.0 (Windows NT 10.0; Win64; x64) AppleWebKit/537.36 (KHTML like Gecko) QtWebEngine/5.12.1 Chrome/69.0.3497.128 Safari/537.36,,127.0.0.1 
2019-05-12 14:59:18,FANCY-DP,GET/__swagger__/,Mozilla/5.0 (Windows NT 10.0; Win64; x64) AppleWebKit/537.36 (KHTML like Gecko) QtWebEngine/5.12.1 Chrome/69.0.3497.128 Safari/537.36,,127.0.0.1 
2019-05-12 14:59:18,FANCY-DP,GET/__swagger__/swagger-ui.css,Mozilla/5.0 (Windows NT 10.0; Win64; x64) AppleWebKit/537.36 (KHTML like Gecko) QtWebEngine/5.12.1 Chrome/69.0.3497.128 Safari/537.36,,127.0.0.1 
2019-05-12 14:59:18,FANCY-DP,GET/__swagger__/swagger-ui-bundle.js,Mozilla/5.0 (Windows NT 10.0; Win64; x64) AppleWebKit/537.36 (KHTML like Gecko) QtWebEngine/5.12.1 Chrome/69.0.3497.128 Safari/537.36,,127.0.0.1 
2019-05-12 14:59:18,FANCY-DP,GET/__swagger__/swagger-ui-standalone-preset.js,Mozilla/5.0 (Windows NT 10.0; Win64; x64) AppleWebKit/537.36 (KHTML like Gecko) QtWebEngine/5.12.1 Chrome/69.0.3497.128 Safari/537.36,,127.0.0.1 
2019-05-12 14:59:18,FANCY-DP,GET/openapi.json,Mozilla/5.0 (Windows NT 10.0; Win64; x64) AppleWebKit/537.36 (KHTML like Gecko) QtWebEngine/5.12.1 Chrome/69.0.3497.128 Safari/537.36,,127.0.0.1 
2019-05-12 14:59:29,FANCY-DP,GET/SoilDataAPI/Providers,Mozilla/5.0 (Windows NT 10.0; Win64; x64) AppleWebKit/537.36 (KHTML like Gecko) QtWebEngine/5.12.1 Chrome/69.0.3497.128 Safari/537.36,?format=xml,127.0.0.1 
2019-05-12 15:01:32,FANCY-DP,GET/__swagger__/,Mozilla/5.0 (Windows NT 10.0; Win64; x64) AppleWebKit/537.36 (KHTML like Gecko) QtWebEngine/5.12.1 Chrome/69.0.3497.128 Safari/537.36,,127.0.0.1 
2019-05-12 15:01:32,FANCY-DP,GET/__swagger__/swagger-ui.css,Mozilla/5.0 (Windows NT 10.0; Win64; x64) AppleWebKit/537.36 (KHTML like Gecko) QtWebEngine/5.12.1 Chrome/69.0.3497.128 Safari/537.36,,127.0.0.1 
2019-05-12 15:01:32,FANCY-DP,GET/__swagger__/swagger-ui-bundle.js,Mozilla/5.0 (Windows NT 10.0; Win64; x64) AppleWebKit/537.36 (KHTML like Gecko) QtWebEngine/5.12.1 Chrome/69.0.3497.128 Safari/537.36,,127.0.0.1 
2019-05-12 15:01:32,FANCY-DP,GET/__swagger__/swagger-ui-standalone-preset.js,Mozilla/5.0 (Windows NT 10.0; Win64; x64) AppleWebKit/537.36 (KHTML like Gecko) QtWebEngine/5.12.1 Chrome/69.0.3497.128 Safari/537.36,,127.0.0.1 
2019-05-12 15:01:34,FANCY-DP,GET/openapi.json,Mozilla/5.0 (Windows NT 10.0; Win64; x64) AppleWebKit/537.36 (KHTML like Gecko) QtWebEngine/5.12.1 Chrome/69.0.3497.128 Safari/537.36,,127.0.0.1 
2019-05-12 15:01:42,FANCY-DP,GET/__swagger__/,Mozilla/5.0 (Windows NT 10.0; Win64; x64) AppleWebKit/537.36 (KHTML like Gecko) QtWebEngine/5.12.1 Chrome/69.0.3497.128 Safari/537.36,?viewer_pane=1&capabilities=1&host=http%3A%2F%2F127.0.0.1%3A43520,127.0.0.1 
2019-05-12 15:01:43,FANCY-DP,GET/__swagger__/swagger-ui.css,Mozilla/5.0 (Windows NT 10.0; Win64; x64) AppleWebKit/537.36 (KHTML like Gecko) QtWebEngine/5.12.1 Chrome/69.0.3497.128 Safari/537.36,,127.0.0.1 
2019-05-12 15:01:43,FANCY-DP,GET/__swagger__/swagger-ui-bundle.js,Mozilla/5.0 (Windows NT 10.0; Win64; x64) AppleWebKit/537.36 (KHTML like Gecko) QtWebEngine/5.12.1 Chrome/69.0.3497.128 Safari/537.36,,127.0.0.1 
2019-05-12 15:01:43,FANCY-DP,GET/__swagger__/swagger-ui-standalone-preset.js,Mozilla/5.0 (Windows NT 10.0; Win64; x64) AppleWebKit/537.36 (KHTML like Gecko) QtWebEngine/5.12.1 Chrome/69.0.3497.128 Safari/537.36,,127.0.0.1 
2019-05-12 15:01:44,FANCY-DP,GET/openapi.json,Mozilla/5.0 (Windows NT 10.0; Win64; x64) AppleWebKit/537.36 (KHTML like Gecko) QtWebEngine/5.12.1 Chrome/69.0.3497.128 Safari/537.36,,127.0.0.1 
2019-05-12 15:01:46,FANCY-DP,GET/__swagger__/,Mozilla/5.0 (Windows NT 10.0; Win64; x64) AppleWebKit/537.36 (KHTML like Gecko) QtWebEngine/5.12.1 Chrome/69.0.3497.128 Safari/537.36,,127.0.0.1 
2019-05-12 15:01:46,FANCY-DP,GET/__swagger__/swagger-ui.css,Mozilla/5.0 (Windows NT 10.0; Win64; x64) AppleWebKit/537.36 (KHTML like Gecko) QtWebEngine/5.12.1 Chrome/69.0.3497.128 Safari/537.36,,127.0.0.1 
2019-05-12 15:01:46,FANCY-DP,GET/__swagger__/swagger-ui-bundle.js,Mozilla/5.0 (Windows NT 10.0; Win64; x64) AppleWebKit/537.36 (KHTML like Gecko) QtWebEngine/5.12.1 Chrome/69.0.3497.128 Safari/537.36,,127.0.0.1 
2019-05-12 15:01:46,FANCY-DP,GET/__swagger__/swagger-ui-standalone-preset.js,Mozilla/5.0 (Windows NT 10.0; Win64; x64) AppleWebKit/537.36 (KHTML like Gecko) QtWebEngine/5.12.1 Chrome/69.0.3497.128 Safari/537.36,,127.0.0.1 
2019-05-12 15:01:46,FANCY-DP,GET/openapi.json,Mozilla/5.0 (Windows NT 10.0; Win64; x64) AppleWebKit/537.36 (KHTML like Gecko) QtWebEngine/5.12.1 Chrome/69.0.3497.128 Safari/537.36,,127.0.0.1 
2019-05-12 15:02:04,FANCY-DP,GET/SoilDataAPI/SoilData,Mozilla/5.0 (Windows NT 10.0; Win64; x64) AppleWebKit/537.36 (KHTML like Gecko) QtWebEngine/5.12.1 Chrome/69.0.3497.128 Safari/537.36,?propertyType=4A1,127.0.0.1 
2019-05-12 15:03:05,FANCY-DP,GET/__swagger__/,Mozilla/5.0 (Windows NT 10.0; Win64; x64) AppleWebKit/537.36 (KHTML like Gecko) QtWebEngine/5.12.1 Chrome/69.0.3497.128 Safari/537.36,?viewer_pane=1&capabilities=1&host=http%3A%2F%2F127.0.0.1%3A43520,127.0.0.1 
2019-05-12 15:03:05,FANCY-DP,GET/__swagger__/swagger-ui.css,Mozilla/5.0 (Windows NT 10.0; Win64; x64) AppleWebKit/537.36 (KHTML like Gecko) QtWebEngine/5.12.1 Chrome/69.0.3497.128 Safari/537.36,,127.0.0.1 
2019-05-12 15:03:05,FANCY-DP,GET/__swagger__/swagger-ui-bundle.js,Mozilla/5.0 (Windows NT 10.0; Win64; x64) AppleWebKit/537.36 (KHTML like Gecko) QtWebEngine/5.12.1 Chrome/69.0.3497.128 Safari/537.36,,127.0.0.1 
2019-05-12 15:03:05,FANCY-DP,GET/__swagger__/swagger-ui-standalone-preset.js,Mozilla/5.0 (Windows NT 10.0; Win64; x64) AppleWebKit/537.36 (KHTML like Gecko) QtWebEngine/5.12.1 Chrome/69.0.3497.128 Safari/537.36,,127.0.0.1 
2019-05-12 15:03:05,FANCY-DP,GET/openapi.json,Mozilla/5.0 (Windows NT 10.0; Win64; x64) AppleWebKit/537.36 (KHTML like Gecko) QtWebEngine/5.12.1 Chrome/69.0.3497.128 Safari/537.36,,127.0.0.1 
2019-05-12 15:03:06,FANCY-DP,GET/__swagger__/,Mozilla/5.0 (Windows NT 10.0; Win64; x64) AppleWebKit/537.36 (KHTML like Gecko) QtWebEngine/5.12.1 Chrome/69.0.3497.128 Safari/537.36,,127.0.0.1 
2019-05-12 15:03:06,FANCY-DP,GET/__swagger__/swagger-ui.css,Mozilla/5.0 (Windows NT 10.0; Win64; x64) AppleWebKit/537.36 (KHTML like Gecko) QtWebEngine/5.12.1 Chrome/69.0.3497.128 Safari/537.36,,127.0.0.1 
2019-05-12 15:03:06,FANCY-DP,GET/__swagger__/swagger-ui-bundle.js,Mozilla/5.0 (Windows NT 10.0; Win64; x64) AppleWebKit/537.36 (KHTML like Gecko) QtWebEngine/5.12.1 Chrome/69.0.3497.128 Safari/537.36,,127.0.0.1 
2019-05-12 15:03:06,FANCY-DP,GET/__swagger__/swagger-ui-standalone-preset.js,Mozilla/5.0 (Windows NT 10.0; Win64; x64) AppleWebKit/537.36 (KHTML like Gecko) QtWebEngine/5.12.1 Chrome/69.0.3497.128 Safari/537.36,,127.0.0.1 
2019-05-12 15:03:06,FANCY-DP,GET/openapi.json,Mozilla/5.0 (Windows NT 10.0; Win64; x64) AppleWebKit/537.36 (KHTML like Gecko) QtWebEngine/5.12.1 Chrome/69.0.3497.128 Safari/537.36,,127.0.0.1 
2019-05-12 15:03:26,FANCY-DP,GET/SoilDataAPI/SoilData,Mozilla/5.0 (Windows NT 10.0; Win64; x64) AppleWebKit/537.36 (KHTML like Gecko) QtWebEngine/5.12.1 Chrome/69.0.3497.128 Safari/537.36,?propertyType=4A1,127.0.0.1 
2019-05-12 15:08:26,FANCY-DP,GET/__swagger__/,Mozilla/5.0 (Windows NT 10.0; Win64; x64) AppleWebKit/537.36 (KHTML like Gecko) QtWebEngine/5.12.1 Chrome/69.0.3497.128 Safari/537.36,?viewer_pane=1&capabilities=1&host=http%3A%2F%2F127.0.0.1%3A43520,127.0.0.1 
2019-05-12 15:08:27,FANCY-DP,GET/__swagger__/swagger-ui.css,Mozilla/5.0 (Windows NT 10.0; Win64; x64) AppleWebKit/537.36 (KHTML like Gecko) QtWebEngine/5.12.1 Chrome/69.0.3497.128 Safari/537.36,,127.0.0.1 
2019-05-12 15:08:27,FANCY-DP,GET/__swagger__/swagger-ui-bundle.js,Mozilla/5.0 (Windows NT 10.0; Win64; x64) AppleWebKit/537.36 (KHTML like Gecko) QtWebEngine/5.12.1 Chrome/69.0.3497.128 Safari/537.36,,127.0.0.1 
2019-05-12 15:08:27,FANCY-DP,GET/__swagger__/swagger-ui-standalone-preset.js,Mozilla/5.0 (Windows NT 10.0; Win64; x64) AppleWebKit/537.36 (KHTML like Gecko) QtWebEngine/5.12.1 Chrome/69.0.3497.128 Safari/537.36,,127.0.0.1 
2019-05-12 15:08:28,FANCY-DP,GET/openapi.json,Mozilla/5.0 (Windows NT 10.0; Win64; x64) AppleWebKit/537.36 (KHTML like Gecko) QtWebEngine/5.12.1 Chrome/69.0.3497.128 Safari/537.36,,127.0.0.1 
2019-05-12 15:08:29,FANCY-DP,GET/__swagger__/,Mozilla/5.0 (Windows NT 10.0; Win64; x64) AppleWebKit/537.36 (KHTML like Gecko) QtWebEngine/5.12.1 Chrome/69.0.3497.128 Safari/537.36,,127.0.0.1 
2019-05-12 15:08:29,FANCY-DP,GET/__swagger__/swagger-ui.css,Mozilla/5.0 (Windows NT 10.0; Win64; x64) AppleWebKit/537.36 (KHTML like Gecko) QtWebEngine/5.12.1 Chrome/69.0.3497.128 Safari/537.36,,127.0.0.1 
2019-05-12 15:08:29,FANCY-DP,GET/__swagger__/swagger-ui-bundle.js,Mozilla/5.0 (Windows NT 10.0; Win64; x64) AppleWebKit/537.36 (KHTML like Gecko) QtWebEngine/5.12.1 Chrome/69.0.3497.128 Safari/537.36,,127.0.0.1 
2019-05-12 15:08:29,FANCY-DP,GET/__swagger__/swagger-ui-standalone-preset.js,Mozilla/5.0 (Windows NT 10.0; Win64; x64) AppleWebKit/537.36 (KHTML like Gecko) QtWebEngine/5.12.1 Chrome/69.0.3497.128 Safari/537.36,,127.0.0.1 
2019-05-12 15:08:29,FANCY-DP,GET/openapi.json,Mozilla/5.0 (Windows NT 10.0; Win64; x64) AppleWebKit/537.36 (KHTML like Gecko) QtWebEngine/5.12.1 Chrome/69.0.3497.128 Safari/537.36,,127.0.0.1 
2019-05-12 15:08:54,FANCY-DP,GET/SoilDataAPI/SoilData,Mozilla/5.0 (Windows NT 10.0; Win64; x64) AppleWebKit/537.36 (KHTML like Gecko) QtWebEngine/5.12.1 Chrome/69.0.3497.128 Safari/537.36,?observedProperty=4A1,127.0.0.1 
2019-05-12 15:11:24,FANCY-DP,GET/SoilDataAPI/SoilData,Mozilla/5.0 (Windows NT 10.0; Win64; x64) AppleWebKit/537.36 (KHTML like Gecko) QtWebEngine/5.12.1 Chrome/69.0.3497.128 Safari/537.36,?propertyType=LabMethod&observedProperty=4A1,127.0.0.1 
2019-05-12 15:47:37,FANCY-DP,GET/__swagger__/,Mozilla/5.0 (Windows NT 10.0; Win64; x64) AppleWebKit/537.36 (KHTML like Gecko) QtWebEngine/5.12.1 Chrome/69.0.3497.128 Safari/537.36,?viewer_pane=1&capabilities=1&host=http%3A%2F%2F127.0.0.1%3A43520,127.0.0.1 
2019-05-12 15:47:37,FANCY-DP,GET/__swagger__/swagger-ui.css,Mozilla/5.0 (Windows NT 10.0; Win64; x64) AppleWebKit/537.36 (KHTML like Gecko) QtWebEngine/5.12.1 Chrome/69.0.3497.128 Safari/537.36,,127.0.0.1 
2019-05-12 15:47:37,FANCY-DP,GET/__swagger__/swagger-ui-bundle.js,Mozilla/5.0 (Windows NT 10.0; Win64; x64) AppleWebKit/537.36 (KHTML like Gecko) QtWebEngine/5.12.1 Chrome/69.0.3497.128 Safari/537.36,,127.0.0.1 
2019-05-12 15:47:37,FANCY-DP,GET/__swagger__/swagger-ui-standalone-preset.js,Mozilla/5.0 (Windows NT 10.0; Win64; x64) AppleWebKit/537.36 (KHTML like Gecko) QtWebEngine/5.12.1 Chrome/69.0.3497.128 Safari/537.36,,127.0.0.1 
2019-05-12 15:47:38,FANCY-DP,GET/openapi.json,Mozilla/5.0 (Windows NT 10.0; Win64; x64) AppleWebKit/537.36 (KHTML like Gecko) QtWebEngine/5.12.1 Chrome/69.0.3497.128 Safari/537.36,,127.0.0.1 
2019-05-12 15:47:39,FANCY-DP,GET/__swagger__/,Mozilla/5.0 (Windows NT 10.0; Win64; x64) AppleWebKit/537.36 (KHTML like Gecko) QtWebEngine/5.12.1 Chrome/69.0.3497.128 Safari/537.36,,127.0.0.1 
2019-05-12 15:47:40,FANCY-DP,GET/__swagger__/swagger-ui.css,Mozilla/5.0 (Windows NT 10.0; Win64; x64) AppleWebKit/537.36 (KHTML like Gecko) QtWebEngine/5.12.1 Chrome/69.0.3497.128 Safari/537.36,,127.0.0.1 
2019-05-12 15:47:40,FANCY-DP,GET/__swagger__/swagger-ui-bundle.js,Mozilla/5.0 (Windows NT 10.0; Win64; x64) AppleWebKit/537.36 (KHTML like Gecko) QtWebEngine/5.12.1 Chrome/69.0.3497.128 Safari/537.36,,127.0.0.1 
2019-05-12 15:47:40,FANCY-DP,GET/__swagger__/swagger-ui-standalone-preset.js,Mozilla/5.0 (Windows NT 10.0; Win64; x64) AppleWebKit/537.36 (KHTML like Gecko) QtWebEngine/5.12.1 Chrome/69.0.3497.128 Safari/537.36,,127.0.0.1 
2019-05-12 15:47:40,FANCY-DP,GET/openapi.json,Mozilla/5.0 (Windows NT 10.0; Win64; x64) AppleWebKit/537.36 (KHTML like Gecko) QtWebEngine/5.12.1 Chrome/69.0.3497.128 Safari/537.36,,127.0.0.1 
2019-05-12 16:24:20,FANCY-DP,GET/__swagger__/,Mozilla/5.0 (Windows NT 10.0; Win64; x64) AppleWebKit/537.36 (KHTML like Gecko) QtWebEngine/5.12.1 Chrome/69.0.3497.128 Safari/537.36,?viewer_pane=1&capabilities=1&host=http%3A%2F%2F127.0.0.1%3A43520,127.0.0.1 
2019-05-12 16:24:20,FANCY-DP,GET/__swagger__/swagger-ui.css,Mozilla/5.0 (Windows NT 10.0; Win64; x64) AppleWebKit/537.36 (KHTML like Gecko) QtWebEngine/5.12.1 Chrome/69.0.3497.128 Safari/537.36,,127.0.0.1 
2019-05-12 16:24:20,FANCY-DP,GET/__swagger__/swagger-ui-bundle.js,Mozilla/5.0 (Windows NT 10.0; Win64; x64) AppleWebKit/537.36 (KHTML like Gecko) QtWebEngine/5.12.1 Chrome/69.0.3497.128 Safari/537.36,,127.0.0.1 
2019-05-12 16:24:20,FANCY-DP,GET/__swagger__/swagger-ui-standalone-preset.js,Mozilla/5.0 (Windows NT 10.0; Win64; x64) AppleWebKit/537.36 (KHTML like Gecko) QtWebEngine/5.12.1 Chrome/69.0.3497.128 Safari/537.36,,127.0.0.1 
2019-05-12 16:24:20,FANCY-DP,GET/openapi.json,Mozilla/5.0 (Windows NT 10.0; Win64; x64) AppleWebKit/537.36 (KHTML like Gecko) QtWebEngine/5.12.1 Chrome/69.0.3497.128 Safari/537.36,,127.0.0.1 
2019-05-12 16:24:22,FANCY-DP,GET/__swagger__/,Mozilla/5.0 (Windows NT 10.0; Win64; x64) AppleWebKit/537.36 (KHTML like Gecko) QtWebEngine/5.12.1 Chrome/69.0.3497.128 Safari/537.36,,127.0.0.1 
2019-05-12 16:24:22,FANCY-DP,GET/__swagger__/swagger-ui.css,Mozilla/5.0 (Windows NT 10.0; Win64; x64) AppleWebKit/537.36 (KHTML like Gecko) QtWebEngine/5.12.1 Chrome/69.0.3497.128 Safari/537.36,,127.0.0.1 
2019-05-12 16:24:22,FANCY-DP,GET/__swagger__/swagger-ui-bundle.js,Mozilla/5.0 (Windows NT 10.0; Win64; x64) AppleWebKit/537.36 (KHTML like Gecko) QtWebEngine/5.12.1 Chrome/69.0.3497.128 Safari/537.36,,127.0.0.1 
2019-05-12 16:24:22,FANCY-DP,GET/__swagger__/swagger-ui-standalone-preset.js,Mozilla/5.0 (Windows NT 10.0; Win64; x64) AppleWebKit/537.36 (KHTML like Gecko) QtWebEngine/5.12.1 Chrome/69.0.3497.128 Safari/537.36,,127.0.0.1 
2019-05-12 16:24:23,FANCY-DP,GET/openapi.json,Mozilla/5.0 (Windows NT 10.0; Win64; x64) AppleWebKit/537.36 (KHTML like Gecko) QtWebEngine/5.12.1 Chrome/69.0.3497.128 Safari/537.36,,127.0.0.1 
2019-05-12 16:24:38,FANCY-DP,GET/SoilDataAPI/SoilData,Mozilla/5.0 (Windows NT 10.0; Win64; x64) AppleWebKit/537.36 (KHTML like Gecko) QtWebEngine/5.12.1 Chrome/69.0.3497.128 Safari/537.36,?observedProperty=h_texture,127.0.0.1 
